INSERT INTO customers (customer_id, customer_name, region, signup_date) VALUES
(1,'Arun','South','2023-01-05'),
(2,'Vijay','North','2023-01-12'),
(3,'Karthik','West','2023-01-20'),
(4,'Sneha','East','2023-02-01'),
(5,'Priya','South','2023-02-10'),
(6,'Rahul','North','2023-02-18'),
(7,'Ananya','West','2023-03-02'),
(8,'Rohit','East','2023-03-10'),
(9,'Neha','South','2023-03-22'),
(10,'Suresh','North','2023-04-01'),
(11,'Divya','West','2023-04-12'),
(12,'Manoj','East','2023-04-25'),
(13,'Pooja','South','2023-05-05'),
(14,'Naveen','North','2023-05-18'),
(15,'Shalini','West','2023-06-02'),
(16,'Varun','East','2023-06-15'),
(17,'Deepa','South','2023-06-28'),
(18,'Harish','North','2023-07-04'),
(19,'Kavya','West','2023-07-19'),
(20,'Arjun','East','2023-07-30'),
(21,'Amit','South','2023-08-02'),
(22,'Nisha','North','2023-08-10'),
(23,'Ramesh','West','2023-08-21'),
(24,'Lakshmi','East','2023-09-01'),
(25,'Santosh','South','2023-09-14'),
(26,'Meena','North','2023-09-28'),
(27,'Gokul','West','2023-10-05'),
(28,'Tejas','East','2023-10-18'),
(29,'Bhavya','South','2023-10-29'),
(30,'Imran','North','2023-11-02'),
(31,'Farhan','West','2023-11-12'),
(32,'Yash','East','2023-11-25'),
(33,'Tanvi','South','2023-12-01'),
(34,'Nikhil','North','2023-12-11'),
(35,'Preeti','West','2023-12-20'),
(36,'Ajay','East','2024-01-05'),
(37,'Komal','South','2024-01-18'),
(38,'Prakash','North','2024-01-26'),
(39,'Swathi','West','2024-02-02'),
(40,'Ganesh','East','2024-02-14'),
(41,'Dinesh','South','2024-02-25'),
(42,'Usha','North','2024-03-03'),
(43,'Hemant','West','2024-03-12'),
(44,'Sanjay','East','2024-03-22'),
(45,'Rekha','South','2024-04-01'),
(46,'Madhav','North','2024-04-10'),
(47,'Ishita','West','2024-04-19'),
(48,'Nandini','East','2024-04-29'),
(49,'Ritika','South','2024-05-05'),
(50,'Aditya','North','2024-05-15'),
(51,'Surya','West','2024-05-22'),
(52,'Keerthi','East','2024-06-01'),
(53,'Abhishek','South','2024-06-09'),
(54,'Monika','North','2024-06-18'),
(55,'Chandan','West','2024-06-25'),
(56,'Pavan','East','2024-07-02'),
(57,'Mohan','South','2024-07-11'),
(58,'Revathi','North','2024-07-20'),
(59,'Ashwin','West','2024-07-28'),
(60,'Jaya','East','2024-08-05'),
(61,'Raghu','South','2024-08-15'),
(62,'Bharat','North','2024-08-22'),
(63,'Kiran','West','2024-09-01'),
(64,'Lavanya','East','2024-09-10'),
(65,'Naresh','South','2024-09-18'),
(66,'Padma','North','2024-09-28'),
(67,'Ranjith','West','2024-10-05'),
(68,'Vivek','East','2024-10-14'),
(69,'Siddharth','South','2024-10-22'),
(70,'Megha','North','2024-10-30'),
(71,'Rupal','West','2024-11-04'),
(72,'Tushar','East','2024-11-12'),
(73,'Alok','South','2024-11-20'),
(74,'Devika','North','2024-11-28'),
(75,'Sameer','West','2024-12-02'),
(76,'Pritam','East','2024-12-11'),
(77,'Anil','South','2024-12-18'),
(78,'Jyoti','North','2024-12-24'),
(79,'Keshav','West','2024-12-30'),
(80,'Mitali','East','2025-01-05'),
(81,'Raj','South','2025-01-10'),
(82,'Simran','North','2025-01-18'),
(83,'Omkar','West','2025-01-25'),
(84,'Trisha','East','2025-02-02'),
(85,'Akshay','South','2025-02-10'),
(86,'Nitin','North','2025-02-18'),
(87,'Saloni','West','2025-02-25'),
(88,'Harsha','East','2025-03-05'),
(89,'Rohini','South','2025-03-12'),
(90,'Tarun','North','2025-03-20'),
(91,'Manisha','West','2025-03-28'),
(92,'Lokesh','East','2025-04-05'),
(93,'Chirag','South','2025-04-14'),
(94,'Pankaj','North','2025-04-22'),
(95,'Seema','West','2025-04-30'),
(96,'Ravi','East','2025-05-05'),
(97,'Gauri','South','2025-05-12'),
(98,'Tanuj','North','2025-05-20'),
(99,'Rohit','West','2025-05-28'),
(100,'Neeraj','East','2025-06-02');

INSERT INTO products (product_id, product_name, category, price) VALUES
(101,'Laptop','Electronics',72000),
(102,'Smartphone','Electronics',68000),
(103,'Tablet','Electronics',32000),
(104,'Monitor','Electronics',14500),
(105,'Keyboard','Accessories',1800),
(106,'Mouse','Accessories',900),
(107,'Headphones','Accessories',2500),
(108,'Smartwatch','Electronics',12000),
(109,'Printer','Office',8500),
(110,'Speaker','Accessories',3200),
(111,'External HDD','Electronics',5400),
(112,'USB Drive','Accessories',600),
(113,'Desk Lamp','Office',1500),
(114,'Office Chair','Office',7800),
(115,'Router','Electronics',3200),
(116,'Power Bank','Accessories',1100),
(117,'Webcam','Electronics',2200),
(118,'Microphone','Electronics',3100),
(119,'Projector','Electronics',42000),
(120,'Scanner','Office',6700),
(121,'Gaming Laptop','Electronics',95000),
(122,'Mechanical Keyboard','Accessories',4500),
(123,'Wireless Mouse','Accessories',2200),
(124,'Noise Cancelling Headphones','Accessories',8800),
(125,'4K Monitor','Electronics',38000),
(126,'Ergonomic Chair','Office',12500),
(127,'Standing Desk','Office',22000),
(128,'Graphic Tablet','Electronics',18500),
(129,'Docking Station','Electronics',7200),
(130,'HDMI Cable','Accessories',450),
(131,'Ethernet Cable','Accessories',350),
(132,'Surge Protector','Accessories',1200),
(133,'UPS','Electronics',6400),
(134,'Portable SSD','Electronics',9800),
(135,'Laptop Stand','Accessories',1700),
(136,'Cooling Pad','Accessories',1400),
(137,'Stylus Pen','Accessories',900),
(138,'Wireless Earbuds','Accessories',5200),
(139,'Bluetooth Speaker','Accessories',4100),
(140,'Laser Printer','Office',16000),
(141,'Ink Cartridge','Office',1800),
(142,'Paper Ream','Office',320),
(143,'Desk Organizer','Office',650),
(144,'Whiteboard','Office',2400),
(145,'Marker Set','Office',320),
(146,'Conference Speaker','Electronics',18500),
(147,'Video Conferencing Camera','Electronics',26000),
(148,'Mini PC','Electronics',47000),
(149,'Graphics Card','Electronics',68000),
(150,'Mechanical Mouse Pad','Accessories',700),
(151,'Smart TV','Electronics',54000),
(152,'Streaming Stick','Electronics',4500),
(153,'Soundbar','Electronics',21000),
(154,'Wireless Charger','Accessories',1900),
(155,'Fast Charger','Accessories',1300),
(156,'Type-C Cable','Accessories',350),
(157,'Laptop Backpack','Accessories',2200),
(158,'Laptop Sleeve','Accessories',900),
(159,'Monitor Arm','Accessories',3200),
(160,'Adjustable Desk','Office',18500),
(161,'Desk Fan','Office',1400),
(162,'Air Purifier','Electronics',12500),
(163,'Smart Bulb','Electronics',1100),
(164,'Smart Plug','Electronics',950),
(165,'Security Camera','Electronics',6200),
(166,'Door Sensor','Electronics',1800),
(167,'Smart Doorbell','Electronics',9500),
(168,'Portable Projector','Electronics',28000),
(169,'Wireless Presenter','Accessories',2100),
(170,'HD Webcam','Electronics',3500),
(171,'Laptop Dock','Electronics',7200),
(172,'Dual Monitor Stand','Accessories',4500),
(173,'Gaming Mouse','Accessories',3100),
(174,'Gaming Headset','Accessories',5800),
(175,'RGB Keyboard','Accessories',3900),
(176,'Curved Monitor','Electronics',27500),
(177,'UltraWide Monitor','Electronics',42000),
(178,'Smartphone Stand','Accessories',500),
(179,'Tablet Cover','Accessories',750),
(180,'Noise Isolation Earphones','Accessories',1800),
(181,'Portable Speaker','Accessories',2600),
(182,'Wireless Keyboard','Accessories',2300),
(183,'Compact Printer','Office',6900),
(184,'Office Desk','Office',14500),
(185,'Executive Chair','Office',18500),
(186,'LED Strip','Accessories',900),
(187,'Desk Mat','Accessories',650),
(188,'Laptop Cleaning Kit','Accessories',550),
(189,'Cable Organizer','Accessories',350),
(190,'Document Shredder','Office',8500),
(191,'Portable Monitor','Electronics',18500),
(192,'Touch Monitor','Electronics',26000),
(193,'Smartphone Gimbal','Electronics',9800),
(194,'Wireless Headset','Accessories',7200),
(195,'Premium Laptop','Electronics',115000),
(196,'Budget Smartphone','Electronics',9500),
(197,'Midrange Smartphone','Electronics',18500),
(198,'Office Printer','Office',12500),
(199,'Office Keyboard','Accessories',950),
(200,'Office Mouse','Accessories',550);

INSERT INTO orders (order_id, customer_id, order_date) VALUES
(1001,1,'2023-07-01'),
(1002,2,'2023-07-03'),
(1003,3,'2023-07-05'),
(1004,4,'2023-07-07'),
(1005,5,'2023-07-10'),
(1006,6,'2023-07-12'),
(1007,7,'2023-07-15'),
(1008,8,'2023-07-18'),
(1009,9,'2023-07-21'),
(1010,10,'2023-07-25'),
(1011,11,'2023-08-01'),
(1012,12,'2023-08-03'),
(1013,13,'2023-08-05'),
(1014,14,'2023-08-08'),
(1015,15,'2023-08-12'),
(1016,16,'2023-08-15'),
(1017,17,'2023-08-18'),
(1018,18,'2023-08-22'),
(1019,19,'2023-08-26'),
(1020,20,'2023-08-30'),
(1021,21,'2023-09-02'),
(1022,22,'2023-09-05'),
(1023,23,'2023-09-08'),
(1024,24,'2023-09-12'),
(1025,25,'2023-09-16'),
(1026,26,'2023-09-20'),
(1027,27,'2023-09-24'),
(1028,28,'2023-09-28'),
(1029,29,'2023-10-02'),
(1030,30,'2023-10-05'),
(1031,31,'2023-10-08'),
(1032,32,'2023-10-12'),
(1033,33,'2023-10-16'),
(1034,34,'2023-10-20'),
(1035,35,'2023-10-24'),
(1036,36,'2023-10-28'),
(1037,37,'2023-11-01'),
(1038,38,'2023-11-05'),
(1039,39,'2023-11-09'),
(1040,40,'2023-11-13'),
(1041,41,'2023-11-18'),
(1042,42,'2023-11-22'),
(1043,43,'2023-11-26'),
(1044,44,'2023-12-01'),
(1045,45,'2023-12-05'),
(1046,46,'2023-12-09'),
(1047,47,'2023-12-13'),
(1048,48,'2023-12-17'),
(1049,49,'2023-12-21'),
(1050,50,'2023-12-26'),
(1051,51,'2024-01-02'),
(1052,52,'2024-01-05'),
(1053,53,'2024-01-09'),
(1054,54,'2024-01-13'),
(1055,55,'2024-01-18'),
(1056,56,'2024-01-22'),
(1057,57,'2024-01-26'),
(1058,58,'2024-01-30'),
(1059,59,'2024-02-03'),
(1060,60,'2024-02-07'),
(1061,61,'2024-02-11'),
(1062,62,'2024-02-15'),
(1063,63,'2024-02-20'),
(1064,64,'2024-02-24'),
(1065,65,'2024-02-28'),
(1066,66,'2024-03-03'),
(1067,67,'2024-03-07'),
(1068,68,'2024-03-11'),
(1069,69,'2024-03-15'),
(1070,70,'2024-03-20'),
(1071,71,'2024-03-24'),
(1072,72,'2024-03-28'),
(1073,73,'2024-04-02'),
(1074,74,'2024-04-06'),
(1075,75,'2024-04-10'),
(1076,76,'2024-04-15'),
(1077,77,'2024-04-19'),
(1078,78,'2024-04-23'),
(1079,79,'2024-04-27'),
(1080,80,'2024-05-02'),
(1081,81,'2024-05-06'),
(1082,82,'2024-05-10'),
(1083,83,'2024-05-14'),
(1084,84,'2024-05-18'),
(1085,85,'2024-05-22'),
(1086,86,'2024-05-27'),
(1087,87,'2024-05-31'),
(1088,88,'2024-06-04'),
(1089,89,'2024-06-08'),
(1090,90,'2024-06-12'),
(1091,91,'2024-06-16'),
(1092,92,'2024-06-20'),
(1093,93,'2024-06-25'),
(1094,94,'2024-06-29'),
(1095,95,'2024-07-03'),
(1096,96,'2024-07-07'),
(1097,97,'2024-07-11'),
(1098,98,'2024-07-15'),
(1099,99,'2024-07-19'),
(1100,100,'2024-07-24');

INSERT INTO order_items (order_item_id, order_id, product_id, quantity) VALUES
(1,1001,101,1),
(2,1001,105,2),
(3,1002,102,1),
(4,1003,103,1),
(5,1003,110,1),
(6,1004,104,2),
(7,1005,106,1),
(8,1005,115,1),
(9,1006,107,3),
(10,1007,108,1),
(11,1008,109,2),
(12,1009,120,1),
(13,1010,121,1),
(14,1011,122,2),
(15,1012,123,1),
(16,1013,124,1),
(17,1014,125,1),
(18,1015,126,2),
(19,1016,127,1),
(20,1017,128,1),
(21,1018,129,3),
(22,1019,130,1),
(23,1020,131,2),
(24,1021,132,1),
(25,1022,133,1),
(26,1023,134,2),
(27,1024,135,1),
(28,1025,136,1),
(29,1026,137,4),
(30,1027,138,1),
(31,1028,139,2),
(32,1029,140,1),
(33,1030,141,1),
(34,1031,142,2),
(35,1032,143,1),
(36,1033,144,1),
(37,1034,145,3),
(38,1035,146,1),
(39,1036,147,1),
(40,1037,148,2),
(41,1038,149,1),
(42,1039,150,1),
(43,1040,151,2),
(44,1041,152,1),
(45,1042,153,1),
(46,1043,154,3),
(47,1044,155,1),
(48,1045,156,2),
(49,1046,157,1),
(50,1047,158,1),
(51,1048,159,2),
(52,1049,160,1),
(53,1050,161,1),
(54,1051,162,2),
(55,1052,163,1),
(56,1053,164,1),
(57,1054,165,3),
(58,1055,166,1),
(59,1056,167,2),
(60,1057,168,1),
(61,1058,169,1),
(62,1059,170,2),
(63,1060,171,1),
(64,1061,172,1),
(65,1062,173,2),
(66,1063,174,1),
(67,1064,175,3),
(68,1065,176,1),
(69,1066,177,2),
(70,1067,178,1),
(71,1068,179,1),
(72,1069,180,4),
(73,1070,181,1),
(74,1071,182,2),
(75,1072,183,1),
(76,1073,184,1),
(77,1074,185,3),
(78,1075,186,1),
(79,1076,187,1),
(80,1077,188,2),
(81,1078,189,1),
(82,1079,190,1),
(83,1080,191,2),
(84,1081,192,1),
(85,1082,193,1),
(86,1083,194,2),
(87,1084,195,1),
(88,1085,196,3),
(89,1086,197,1),
(90,1087,198,2),
(91,1088,199,1),
(92,1089,200,1),
(93,1090,101,2),
(94,1091,102,1),
(95,1092,103,3),
(96,1093,104,1),
(97,1094,105,2),
(98,1095,106,1),
(99,1096,107,1),
(100,1097,108,2);

INSERT INTO orders (order_id, customer_id, order_date) VALUES

-- Arun (customer_id = 1)
(1201,1,'2024-07-10'),
(1202,1,'2024-08-15'),
-- Vijay (2)
(1203,2,'2024-07-12'),
-- Karthik (3)
(1204,3,'2024-07-18'),
(1205,3,'2024-09-02'),
-- Sneha (4)
(1206,4,'2024-08-05'),
-- Priya (5)
(1207,5,'2024-08-11'),
(1208,5,'2024-10-01'),
-- Rahul (6)
(1209,6,'2024-09-10'),
-- Ananya (7)
(1210,7,'2024-09-22'),
-- Rohit (8)
(1211,8,'2024-10-05'),
(1212,8,'2024-11-01');

INSERT INTO order_items (order_item_id, order_id, product_id, quantity) VALUES
(201,1201,101,1),
(202,1202,102,1),
(203,1203,103,2),
(204,1204,104,1),
(205,1205,105,3),
(206,1206,106,1),
(207,1207,107,2),
(208,1208,108,1),
(209,1209,109,1),
(210,1210,110,2),
(211,1211,111,1),
(212,1212,112,2);
